X__1	fw_BC	Barcode +  Forward Primer	X__2	rv_BC	Barcode + Reverse Primer	fw_BC__1	rv_BC__1
A1	AGTCAA	AGTCAAGCGTACCACGTGTCGACT	D1	AGTCAA	AGTCAAGACGGGCGTACTAGCGTA	AGTCAA	AGTCAA
A2	AGTTCC	AGTTCCGCGTACCACGTGTCGACT	D2	AGTTCC	AGTTCCGACGGGCGTACTAGCGTA	AGTTCC	AGTTCC
A3	ATGTCA	ATGTCAGCGTACCACGTGTCGACT	D3	ATGTCA	ATGTCAGACGGGCGTACTAGCGTA	ATGTCA	ATGTCA
A4	CCGTCC	CCGTCCGCGTACCACGTGTCGACT	D4	CCGTCC	CCGTCCGACGGGCGTACTAGCGTA	CCGTCC	CCGTCC
A5	GTAGAG	GTAGAGGCGTACCACGTGTCGACT	D5	GTAGAG	GTAGAGGACGGGCGTACTAGCGTA	GTAGAG	GTAGAG
A6	GTCCGC	GTCCGCGCGTACCACGTGTCGACT	D6	GTCCGC	GTCCGCGACGGGCGTACTAGCGTA	GTCCGC	GTCCGC
A7	GTGAAA	GTGAAAGCGTACCACGTGTCGACT	D7	GTGAAA	GTGAAAGACGGGCGTACTAGCGTA	GTGAAA	GTGAAA
A8	GTGGCC	GTGGCCGCGTACCACGTGTCGACT	D8	GTGGCC	GTGGCCGACGGGCGTACTAGCGTA	GTGGCC	GTGGCC
A9	GTTTCG	GTTTCGGCGTACCACGTGTCGACT	D9	GTTTCG	GTTTCGGACGGGCGTACTAGCGTA	GTTTCG	GTTTCG
A10	CGTACG	CGTACGGCGTACCACGTGTCGACT	D10	CGTACG	CGTACGGACGGGCGTACTAGCGTA	CGTACG	CGTACG
A11	GAGTGG	GAGTGGGCGTACCACGTGTCGACT	D11	GAGTGG	GAGTGGGACGGGCGTACTAGCGTA	GAGTGG	GAGTGG
A12	GGTAGC	GGTAGCGCGTACCACGTGTCGACT	D12	GGTAGC	GGTAGCGACGGGCGTACTAGCGTA	GGTAGC	GGTAGC
B1	ACTGAT	ACTGATGCGTACCACGTGTCGACT	E1	ACTGAT	ACTGATGACGGGCGTACTAGCGTA	ACTGAT	ACTGAT
B2	ATGAGC	ATGAGCGCGTACCACGTGTCGACT	E2	ATGAGC	ATGAGCGACGGGCGTACTAGCGTA	ATGAGC	ATGAGC
B3	ATTCCT	ATTCCTGCGTACCACGTGTCGACT	E3	ATTCCT	ATTCCTGACGGGCGTACTAGCGTA	ATTCCT	ATTCCT
B4	CAAAAG	CAAAAGGCGTACCACGTGTCGACT	E4	CAAAAG	CAAAAGGACGGGCGTACTAGCGTA	CAAAAG	CAAAAG
B5	CAACTA	CAACTAGCGTACCACGTGTCGACT	E5	CAACTA	CAACTAGACGGGCGTACTAGCGTA	CAACTA	CAACTA
B6	CACCGG	CACCGGGCGTACCACGTGTCGACT	E6	CACCGG	CACCGGGACGGGCGTACTAGCGTA	CACCGG	CACCGG
B7	CACGAT	CACGATGCGTACCACGTGTCGACT	E7	CACGAT	CACGATGACGGGCGTACTAGCGTA	CACGAT	CACGAT
B8	CACTCA	CACTCAGCGTACCACGTGTCGACT	E8	CACTCA	CACTCAGACGGGCGTACTAGCGTA	CACTCA	CACTCA
B9	CAGGCG	CAGGCGGCGTACCACGTGTCGACT	E9	CAGGCG	CAGGCGGACGGGCGTACTAGCGTA	CAGGCG	CAGGCG
B10	CATGGC	CATGGCGCGTACCACGTGTCGACT	E10	CATGGC	CATGGCGACGGGCGTACTAGCGTA	CATGGC	CATGGC
B11	CATTTT	CATTTTGCGTACCACGTGTCGACT	E11	CATTTT	CATTTTGACGGGCGTACTAGCGTA	CATTTT	CATTTT
B12	CCAACA	CCAACAGCGTACCACGTGTCGACT	E12	CCAACA	CCAACAGACGGGCGTACTAGCGTA	CCAACA	CCAACA
C1	CGGAAT	CGGAATGCGTACCACGTGTCGACT	F1	CGGAAT	CGGAATGACGGGCGTACTAGCGTA	CGGAAT	CGGAAT
C2	CTAGCT	CTAGCTGCGTACCACGTGTCGACT	F2	CTAGCT	CTAGCTGACGGGCGTACTAGCGTA	CTAGCT	CTAGCT
C3	CTATAC	CTATACGCGTACCACGTGTCGACT	F3	CTATAC	CTATACGACGGGCGTACTAGCGTA	CTATAC	CTATAC
C4	CTCAGA	CTCAGAGCGTACCACGTGTCGACT	F4	CTCAGA	CTCAGAGACGGGCGTACTAGCGTA	CTCAGA	CTCAGA
C5	GACGAC	GACGACGCGTACCACGTGTCGACT	F5	GACGAC	GACGACGACGGGCGTACTAGCGTA	GACGAC	GACGAC
C6	TAATCG	TAATCGGCGTACCACGTGTCGACT	F6	TAATCG	TAATCGGACGGGCGTACTAGCGTA	TAATCG	TAATCG
C7	TACAGC	TACAGCGCGTACCACGTGTCGACT	F7	TACAGC	TACAGCGACGGGCGTACTAGCGTA	TACAGC	TACAGC
C8	TATAAT	TATAATGCGTACCACGTGTCGACT	F8	TATAAT	TATAATGACGGGCGTACTAGCGTA	TATAAT	TATAAT
C9	TCATTC	TCATTCGCGTACCACGTGTCGACT	F9	TCATTC	TCATTCGACGGGCGTACTAGCGTA	TCATTC	TCATTC
C10	TCCCGA	TCCCGAGCGTACCACGTGTCGACT	F10	TCCCGA	TCCCGAGACGGGCGTACTAGCGTA	TCCCGA	TCCCGA
C11	TCGAAG	TCGAAGGCGTACCACGTGTCGACT	F11	TCGAAG	TCGAAGGACGGGCGTACTAGCGTA	TCGAAG	TCGAAG
C12	TCGGCA	TCGGCAGCGTACCACGTGTCGACT	F12	TCGGCA	TCGGCAGACGGGCGTACTAGCGTA	TCGGCA	TCGGCA
